FBtr0070163	FBtr0263163
FBtr0070778	FBtr0405019
FBtr0479797	FBtr0405019
FBtr0344824	FBtr0405019
FBtr0339781	FBtr0405019
FBtr0112736	FBtr0401217
FBtr0070836	FBtr0263306
FBtr0304876	FBtr0401248
FBtr0071249	FBtr0393822
FBtr0071307	FBtr0397586
FBtr0343030	FBtr0261944
FBtr0071393	FBtr0261944
FBtr0071394	FBtr0261944
FBtr0071506	FBtr0261900
FBtr0071492	FBtr0264369
FBtr0073407	FBtr0402744
FBtr0073408	FBtr0398266
FBtr0346382	FBtr0398266
FBtr0073406	FBtr0263854
FBtr0339836	FBtr0263854
FBtr0073474	FBtr0263836
FBtr0345166	FBtr0264115
FBtr0073611	FBtr0264115
FBtr0073609	FBtr0264115
FBtr0073610	FBtr0264115
FBtr0073608	FBtr0264115
FBtr0073575	FBtr0397436
FBtr0073576	FBtr0397436
FBtr0073578	FBtr0263007
FBtr0073577	FBtr0397436
FBtr0073899	FBtr0263644
FBtr0073984	FBtr0262611
FBtr0074023	FBtr0262577
FBtr0074035	FBtr0263707
FBtr0074392	FBtr0264169
FBtr0074393	FBtr0264170
FBtr0340616	FBtr0264170
FBtr0074461	FBtr0393952
FBtr0346625	FBtr0264244
FBtr0074559	FBtr0264244
FBtr0340368	FBtr0396620
FBtr0074622	FBtr0396620
FBtr0070059	FBtr0395051
FBtr0070062	FBtr0395051
FBtr0070061	FBtr0395051
FBtr0070058	FBtr0395051
FBtr0070060	FBtr0395051
FBtr0473625	FBtr0267670
FBtr0072943	FBtr0266854
FBtr0073015	FBtr0268208
FBtr0073059	FBtr0267870
FBtr0073060	FBtr0267871
FBtr0073061	FBtr0267871
FBtr0073062	FBtr0267873
FBtr0073081	FBtr0267207
FBtr0073080	FBtr0267206
FBtr0073073	FBtr0267879
FBtr0304829	FBtr0401928
FBtr0073139	FBtr0267197
FBtr0073182	FBtr0394700
FBtr0346805	FBtr0394700
FBtr0077038	FBtr0268044
FBtr0077040	FBtr0268046
FBtr0077047	FBtr0268053
FBtr0091954	FBtr0267010
FBtr0302931	FBtr0267010
FBtr0300314	FBtr0263266
FBtr0076961	FBtr0266991
FBtr0076958	FBtr0266991
FBtr0076959	FBtr0266991
FBtr0076960	FBtr0266991
FBtr0300363	FBtr0266928
FBtr0346808	FBtr0266928
FBtr0300362	FBtr0266928
FBtr0076752	FBtr0268166
FBtr0076582	FBtr0267303
FBtr0076398	FBtr0267389
FBtr0076399	FBtr0267389
FBtr0076400	FBtr0267389
FBtr0076401	FBtr0267389
FBtr0330097	FBtr0267389
FBtr0076311	FBtr0266798
FBtr0076256	FBtr0268271
FBtr0076193	FBtr0268288
FBtr0076136	FBtr0266710
FBtr0076003	FBtr0268410
FBtr0333383	FBtr0268410
FBtr0339295	FBtr0259854
FBtr0300316	FBtr0259854
FBtr0305487	FBtr0402509
FBtr0344808	FBtr0402509
FBtr0075836	FBtr0268477
FBtr0075648	FBtr0266495
FBtr0346644	FBtr0266495
FBtr0075615	FBtr0269657
FBtr0473621	FBtr0268656
FBtr0075171	FBtr0268638
FBtr0302155	FBtr0404120
FBtr0075116	FBtr0401584
FBtr0075115	FBtr0401584
FBtr0300049	FBtr0266476
FBtr0304702	FBtr0405512
FBtr0300051	FBtr0405386
FBtr0332651	FBtr0394803
FBtr0075045	FBtr0394803
FBtr0075044	FBtr0394803
FBtr0075042	FBtr0269051
FBtr0075043	FBtr0394803
FBtr0075038	FBtr0269046
FBtr0308781	FBtr0269046
FBtr0110771	FBtr0395731
FBtr0074843	FBtr0266180
FBtr0078172	FBtr0266180
FBtr0331816	FBtr0266180
FBtr0346540	FBtr0266504
FBtr0300317	FBtr0266504
FBtr0078335	FBtr0269246
FBtr0078334	FBtr0269245
FBtr0078333	FBtr0268885
FBtr0333286	FBtr0403729
FBtr0339891	FBtr0403729
FBtr0078370	FBtr0268816
FBtr0333971	FBtr0396437
FBtr0301939	FBtr0396437
FBtr0300318	FBtr0404312
FBtr0334114	FBtr0263762
FBtr0078482	FBtr0263762
FBtr0078533	FBtr0269155
FBtr0113437	FBtr0396844
FBtr0332105	FBtr0396844
FBtr0078531	FBtr0396844
FBtr0078532	FBtr0396844
FBtr0306600	FBtr0395223
FBtr0474170	FBtr0396844
FBtr0302134	FBtr0395223
FBtr0332052	FBtr0269166
FBtr0078558	FBtr0269166
FBtr0077998	FBtr0263497
FBtr0078003	FBtr0263541
FBtr0077943	FBtr0262140
FBtr0301010	FBtr0262140
FBtr0343844	FBtr0262129
FBtr0077942	FBtr0262129
FBtr0329947	FBtr0262129
FBtr0334842	FBtr0262040
FBtr0334843	FBtr0262040
FBtr0077915	FBtr0262040
FBtr0334760	FBtr0405641
FBtr0100503	FBtr0405641
FBtr0335162	FBtr0261663
FBtr0077803	FBtr0261663
FBtr0331203	FBtr0401095
FBtr0112751	FBtr0401095
FBtr0335172	FBtr0404339
FBtr0335171	FBtr0404339
FBtr0077619	FBtr0264702
FBtr0300295	FBtr0406010
FBtr0300296	FBtr0400558
FBtr0300297	FBtr0403287
FBtr0301934	FBtr0393434
FBtr0305673	FBtr0397421
FBtr0110767	FBtr0397421
FBtr0300302	FBtr0397198
FBtr0300303	FBtr0399598
FBtr0305483	FBtr0405299
FBtr0300304	FBtr0398714
FBtr0304639	FBtr0398714
FBtr0110769	FBtr0393776
FBtr0346457	FBtr0393776
FBtr0300354	FBtr0394048
FBtr0079005	FBtr0257831
FBtr0079004	FBtr0257831
FBtr0333534	FBtr0257831
FBtr0333535	FBtr0257831
FBtr0346459	FBtr0393231
FBtr0110802	FBtr0393231
FBtr0306841	FBtr0272175
FBtr0344769	FBtr0272175
FBtr0342609	FBtr0272175
FBtr0306842	FBtr0405111
FBtr0342613	FBtr0403881
FBtr0300305	FBtr0394670
FBtr0079143	FBtr0272219
FBtr0342615	FBtr0272219
FBtr0079157	FBtr0265492
FBtr0079156	FBtr0265492
FBtr0342618	FBtr0265492
FBtr0079155	FBtr0265491
FBtr0333233	FBtr0404514
FBtr0301935	FBtr0404514
FBtr0335485	FBtr0257616
FBtr0079470	FBtr0257616
FBtr0473606	FBtr0395709
FBtr0079624	FBtr0257616
FBtr0346906	FBtr0265266
FBtr0079595	FBtr0265266
FBtr0332368	FBtr0403545
FBtr0304640	FBtr0403545
FBtr0079716	FBtr0257535
FBtr0079715	FBtr0257535
FBtr0332188	FBtr0264486
FBtr0079786	FBtr0264486
FBtr0473604	FBtr0265327
FBtr0079816	FBtr0257084
FBtr0079829	FBtr0265366
FBtr0079959	FBtr0272869
FBtr0080099	FBtr0396147
FBtr0345637	FBtr0396147
FBtr0300805	FBtr0395732
FBtr0339130	FBtr0395732
FBtr0080101	FBtr0400221
FBtr0340557	FBtr0259683
FBtr0080175	FBtr0259683
FBtr0080158	FBtr0265024
FBtr0344020	FBtr0265024
FBtr0080270	FBtr0259292
FBtr0300307	FBtr0404250
FBtr0300306	FBtr0393911
FBtr0334137	FBtr0401637
FBtr0334140	FBtr0395981
FBtr0334138	FBtr0395453
FBtr0334142	FBtr0400992
FBtr0344148	FBtr0403031
FBtr0334135	FBtr0401104
FBtr0334141	FBtr0403031
FBtr0334139	FBtr0395981
FBtr0334136	FBtr0395981
FBtr0344123	FBtr0402699
FBtr0344124	FBtr0402699
FBtr0301936	FBtr0267404
FBtr0300309	FBtr0256570
FBtr0300310	FBtr0265061
FBtr0080273	FBtr0265061
FBtr0333421	FBtr0265061
FBtr0334143	FBtr0402699
FBtr0344447	FBtr0402699
FBtr0080354	FBtr0397367
FBtr0343681	FBtr0395222
FBtr0300311	FBtr0405111
FBtr0346715	FBtr0405111
FBtr0080784	FBtr0265916
FBtr0080862	FBtr0259627
FBtr0080864	FBtr0259627
FBtr0080863	FBtr0259627
FBtr0342945	FBtr0259627
FBtr0081004	FBtr0394863
FBtr0301937	FBtr0265685
FBtr0345686	FBtr0265685
FBtr0340581	FBtr0264616
FBtr0081054	FBtr0264616
FBtr0081221	FBtr0395507
FBtr0310645	FBtr0400323
FBtr0081219	FBtr0400323
FBtr0081220	FBtr0400323
FBtr0300823	FBtr0395507
FBtr0331328	FBtr0259788
FBtr0331330	FBtr0259788
FBtr0081254	FBtr0259788
FBtr0331329	FBtr0259788
FBtr0100106	FBtr0259138
FBtr0304045	FBtr0259138
FBtr0081308	FBtr0259137
FBtr0343848	FBtr0259129
FBtr0345683	FBtr0259121
FBtr0081378	FBtr0259121
FBtr0081382	FBtr0259832
FBtr0081383	FBtr0259832
FBtr0301938	FBtr0399073
FBtr0336822	FBtr0399073
FBtr0081450	FBtr0257616
FBtr0339567	FBtr0257616
FBtr0085909	FBtr0259496
FBtr0078977	FBtr0394347
FBtr0081711	FBtr0256729
FBtr0301268	FBtr0396348
FBtr0301001	FBtr0400627
FBtr0081690	FBtr0272353
FBtr0081596	FBtr0272316
FBtr0472596	FBtr0272316
FBtr0081591	FBtr0272313
FBtr0081538	FBtr0271452
FBtr0300322	FBtr0404458
FBtr0304645	FBtr0397155
FBtr0100545	FBtr0272375
FBtr0345323	FBtr0272375
FBtr0300742	FBtr0272437
FBtr0333190	FBtr0272449
FBtr0081973	FBtr0272449
FBtr0334618	FBtr0271274
FBtr0082103	FBtr0271274
FBtr0091608	FBtr0272528
FBtr0091785	FBtr0400828
FBtr0337048	FBtr0272540
FBtr0082225	FBtr0272540
FBtr0082351	FBtr0271149
FBtr0346098	FBtr0271149
FBtr0082362	FBtr0271149
FBtr0082357	FBtr0272605
FBtr0306696	FBtr0403994
FBtr0082489	FBtr0400160
FBtr0082490	FBtr0398503
FBtr0082491	FBtr0400160
FBtr0082492	FBtr0400160
FBtr0082493	FBtr0403994
FBtr0082494	FBtr0397615
FBtr0082495	FBtr0397615
FBtr0082496	FBtr0406021
FBtr0082497	FBtr0398503
FBtr0082498	FBtr0271079
FBtr0082499	FBtr0398503
FBtr0082500	FBtr0397615
FBtr0082501	FBtr0406021
FBtr0082502	FBtr0403994
FBtr0082503	FBtr0400160
FBtr0300319	FBtr0402256
FBtr0473577	FBtr0271051
FBtr0110781	FBtr0272726
FBtr0303840	FBtr0395175
FBtr0303841	FBtr0395893
FBtr0082759	FBtr0270958
FBtr0302576	FBtr0400270
FBtr0082757	FBtr0270956
FBtr0082821	FBtr0272809
FBtr0082888	FBtr0397174
FBtr0082889	FBtr0397174
FBtr0082947	FBtr0272977
FBtr0082948	FBtr0272977
FBtr0082949	FBtr0272977
FBtr0082950	FBtr0272977
FBtr0100277	FBtr0272977
FBtr0082980	FBtr0272958
FBtr0083141	FBtr0272923
FBtr0083142	FBtr0272923
FBtr0083334	FBtr0405626
FBtr0112803	FBtr0405626
FBtr0300037	FBtr0405626
FBtr0333726	FBtr0405626
FBtr0083332	FBtr0405626
FBtr0083333	FBtr0405626
FBtr0300036	FBtr0405626
FBtr0083353	FBtr0403731
FBtr0083432	FBtr0256637
FBtr0309516	FBtr0256639
FBtr0303831	FBtr0270685
FBtr0083725	FBtr0271682
FBtr0300803	FBtr0402542
FBtr0110823	FBtr0402262
FBtr0083993	FBtr0271554
FBtr0301940	FBtr0397155
FBtr0084128	FBtr0256756
FBtr0084149	FBtr0400546
FBtr0084150	FBtr0256774
FBtr0310204	FBtr0256794
FBtr0305038	FBtr0256794
FBtr0304565	FBtr0270476
FBtr0084434	FBtr0400245
FBtr0084440	FBtr0256900
FBtr0084442	FBtr0256903
FBtr0084561	FBtr0402263
FBtr0306105	FBtr0257283
FBtr0110770	FBtr0401043
FBtr0339163	FBtr0397891
FBtr0301941	FBtr0404312
FBtr0084915	FBtr0404312
FBtr0084914	FBtr0257177
FBtr0110871	FBtr0400464
FBtr0110870	FBtr0399634
FBtr0334309	FBtr0257129
FBtr0085094	FBtr0257129
FBtr0085213	FBtr0257079
FBtr0306923	FBtr0394910
FBtr0310089	FBtr0258513
FBtr0306924	FBtr0270273
FBtr0085254	FBtr0270291
FBtr0085260	FBtr0405882
FBtr0336789	FBtr0257015
FBtr0085314	FBtr0257015
FBtr0085313	FBtr0257014
FBtr0112491	FBtr0400015
FBtr0085311	FBtr0397852
FBtr0085401	FBtr0400161
FBtr0332431	FBtr0400161
FBtr0085400	FBtr0256977
FBtr0345203	FBtr0256977
FBtr0085398	FBtr0256977
FBtr0085399	FBtr0256977
FBtr0334868	FBtr0256977
FBtr0089608	FBtr0256956
FBtr0305053	FBtr0256956
FBtr0085502	FBtr0269902
FBtr0346340	FBtr0269902
FBtr0085512	FBtr0269902
FBtr0085611	FBtr0257383
FBtr0346141	FBtr0257383
FBtr0085655	FBtr0257403
FBtr0110859	FBtr0257403
FBtr0345121	FBtr0257403
FBtr0335440	FBtr0403241
FBtr0300962	FBtr0403241
FBtr0085733	FBtr0257435
FBtr0085734	FBtr0257435
FBtr0300357	FBtr0265599
FBtr0309371	FBtr0265600
FBtr0086164	FBtr0265600
FBtr0112770	FBtr0270720
FBtr0113047	FBtr0403497
FBtr0113048	FBtr0403074
FBtr0305124	FBtr0399629
FBtr0332995	FBtr0402230
FBtr0113049	FBtr0402230
FBtr0299788	FBtr0392932
FBtr0339346	FBtr0392932
FBtr0301706	FBtr0265820
FBtr0088476	FBtr0265821
FBtr0100088	FBtr0265822
FBtr0088198	FBtr0259367
FBtr0339474	FBtr0259367
FBtr0088122	FBtr0258871
FBtr0345928	FBtr0258871
FBtr0088090	FBtr0260029
FBtr0347196	FBtr0260329
FBtr0303428	FBtr0260329
FBtr0091776	FBtr0259958
FBtr0087854	FBtr0259013
FBtr0087819	FBtr0393719
FBtr0302939	FBtr0259937
FBtr0087818	FBtr0394501
FBtr0306584	FBtr0394501
FBtr0087817	FBtr0259934
FBtr0306581	FBtr0393823
FBtr0481694	FBtr0403684
FBtr0306580	FBtr0394976
FBtr0306583	FBtr0401232
FBtr0306579	FBtr0402401
FBtr0337029	FBtr0402401
FBtr0475211	FBtr0393823
FBtr0344926	FBtr0403684
FBtr0475209	FBtr0394976
FBtr0306582	FBtr0402401
FBtr0475210	FBtr0393823
FBtr0087816	FBtr0259933
FBtr0331979	FBtr0259933
FBtr0087806	FBtr0259929
FBtr0339738	FBtr0259929
FBtr0310155	FBtr0402672
FBtr0087772	FBtr0402672
FBtr0310151	FBtr0402672
FBtr0310152	FBtr0402672
FBtr0310153	FBtr0402672
FBtr0310154	FBtr0402672
FBtr0345942	FBtr0395941
FBtr0310562	FBtr0395941
FBtr0346185	FBtr0406015
FBtr0303819	FBtr0406015
FBtr0087638	FBtr0396807
FBtr0339965	FBtr0258852
FBtr0087580	FBtr0258852
FBtr0087514	FBtr0258827
FBtr0304888	FBtr0397978
FBtr0087420	FBtr0258784
FBtr0300323	FBtr0400632
FBtr0340000	FBtr0394346
FBtr0087390	FBtr0394346
FBtr0087284	FBtr0258248
FBtr0087209	FBtr0401839
FBtr0340019	FBtr0401839
FBtr0087234	FBtr0258278
FBtr0087151	FBtr0402517
FBtr0087152	FBtr0258306
FBtr0087153	FBtr0402517
FBtr0345495	FBtr0260560
FBtr0300312	FBtr0260560
FBtr0345494	FBtr0260558
FBtr0087082	FBtr0260558
FBtr0345493	FBtr0260557
FBtr0087081	FBtr0260557
FBtr0087080	FBtr0260556
FBtr0091496	FBtr0260555
FBtr0303024	FBtr0260555
FBtr0473617	FBtr0258332
FBtr0087042	FBtr0258345
FBtr0110777	FBtr0260730
FBtr0110768	FBtr0270527
FBtr0086919	FBtr0401802
FBtr0086927	FBtr0258188
FBtr0086928	FBtr0258188
FBtr0089559	FBtr0260481
FBtr0340276	FBtr0260481
FBtr0340458	FBtr0260378
FBtr0340457	FBtr0400184
FBtr0340459	FBtr0260378
FBtr0100129	FBtr0401979
FBtr0086594	FBtr0260378
FBtr0086593	FBtr0401167
FBtr0340470	FBtr0258545
FBtr0086510	FBtr0258545
FBtr0304055	FBtr0258558
FBtr0086518	FBtr0258558
FBtr0304898	FBtr0258582
FBtr0086327	FBtr0258593
FBtr0340600	FBtr0258593
FBtr0086328	FBtr0258594
FBtr0086342	FBtr0260346
FBtr0086343	FBtr0260346
FBtr0303458	FBtr0258602
FBtr0086337	FBtr0258602
FBtr0086301	FBtr0260326
FBtr0071535	FBtr0401767
FBtr0332423	FBtr0401767
FBtr0071536	FBtr0401767
FBtr0071537	FBtr0401767
FBtr0071538	FBtr0401767
FBtr0071539	FBtr0401767
FBtr0071540	FBtr0401767
FBtr0071623	FBtr0394597
FBtr0071622	FBtr0394597
FBtr0330232	FBtr0394597
FBtr0342897	FBtr0397013
FBtr0342896	FBtr0397013
FBtr0071703	FBtr0397013
FBtr0306013	FBtr0397531
FBtr0300397	FBtr0397013
FBtr0071690	FBtr0398610
FBtr0071691	FBtr0260215
FBtr0344882	FBtr0398610
FBtr0300226	FBtr0398068
FBtr0071720	FBtr0258743
FBtr0071785	FBtr0397301
FBtr0071784	FBtr0397301
FBtr0345504	FBtr0258369
FBtr0071933	FBtr0258369
FBtr0071990	FBtr0258136
FBtr0072127	FBtr0260849
FBtr0343274	FBtr0260849
FBtr0072203	FBtr0258019
FBtr0072202	FBtr0258019
FBtr0343340	FBtr0260878
FBtr0072164	FBtr0260878
FBtr0343341	FBtr0260878
FBtr0343346	FBtr0258014
FBtr0072194	FBtr0258014
FBtr0072322	FBtr0260951
FBtr0300313	FBtr0271424
FBtr0343514	FBtr0257900
FBtr0345580	FBtr0257900
FBtr0072455	FBtr0257900
FBtr0333174	FBtr0403525
FBtr0072454	FBtr0403525
